Reference_sequence_segment,total_matching,hydrophobicity,isoelectic_point,instability,length,charge
PDLKNVKSKIGST,1,-0.8076923076923077,10.50691890809685,-11.846153846153847,13,1.9975456819917394
QSKCGSKDNIKHV,1,-1.2461538461538462,9.582614124752581,70.3,13,2.0264800569754726
SKCGSKDNIKHVP,1,-1.0999999999999999,9.582614124752581,51.31538461538461,13,2.0264800569754726
KCGSKDNIKHVPG,1,-1.0692307692307694,9.582614124752581,51.31538461538461,13,2.0264800569754726
CGSKDNIKHVPGG,1,-0.8,8.54805872682482,60.80769230769231,13,1.0267750908274766
GSKDNIKHVPGGG,1,-1.0230769230769232,9.53937175590545,70.3,13,1.0887498067528345
QSKCGSKDNIKHVP,1,-1.2714285714285716,9.582614124752581,79.75,14,2.0264800569754726
SKCGSKDNIKHVPG,1,-1.05,9.582614124752581,48.36428571428571,14,2.0264800569754726
KCGSKDNIKHVPGG,1,-1.0214285714285716,9.582614124752581,57.17857142857143,14,2.0264800569754726
CGSKDNIKHVPGGG,1,-0.7714285714285715,8.54805872682482,65.99285714285715,14,1.0267750908274766
QSKCGSKDNIKHVPG,1,-1.2133333333333334,9.582614124752581,75.1,15,2.0264800569754726
SKCGSKDNIKHVPGG,1,-1.0066666666666666,9.582614124752581,54.03333333333333,15,2.0264800569754726
KCGSKDNIKHVPGGG,1,-0.9800000000000002,9.582614124752581,62.26,15,2.0264800569754726
